{"default": {"location": {"x":133.5252225,"y":33.5151439}}}